USA;Alabama;Montgomery;Air University;;http://www.maxwell.af.mil/au/
USA;Alabama;Nomal;Alabama A&M University;;http://www.aamu.edu/
USA;Alabama;Montgomery;Alabama State University;;http://www.alasu.edu/
USA;Alabama;Montgomery;Amridge University ;;http://www.amridgeuniversity.edu/
USA;Alabama;Athens;Athens State University;;http://www.athens.edu/
USA;Alabama;Auburn;Auburn University;;http://www.auburn.edu/
USA;Alabama;Montgomery;Auburn University at Montgomery;;http://www.aum.edu/
USA;Alabama;Birmingham;;Birmingham-Southern College;http://www.bsc.edu/
USA;Alabama;Selma;;Concordia  College-Selma;http://www.concordiaselma.edu/
USA;Alabama;Montgomery;Faulkner University;;http://www.faulkner.edu/
USA;Alabama;Montgomery;;Huntingdon College;http://www.huntingdon.edu/
USA;Alabama;Jacksonville;Jacksonville State University ;;http://www.jsu.edu/
USA;Alabama;Marion;Judson University ;;http://www.judson.edu/
USA;Alabama;Fairfield;;Miles College;http://www.miles.edu/
USA;Alabama;Huntsville;Oakwood University;;http://www.oakwood.edu/
USA;Alabama;Birmingham;Samford University;;http://www.samford.edu/
USA;Alabama;Birmingham;;Southeastern Bible College ;http://www.sebc.edu/
USA;Alabama;Mobile;;Spring Hill College ;http://www.shc.edu/
USA;Alabama;Tuscaloosa;;Stillman College;http://www.stillman.edu/
USA;Alabama;Talladega;;Talladega College;http://www.talladega.edu/
USA;Alabama;Troy;Troy University (Main campus);;http://www.troy.edu/
USA;Alabama;Midland;Troy University (Dothan campus);;http://dothan.troy.edu/
USA;Alabama;Montgomery;Troy University (Montgomery campus);;http://montgomery.troy.edu/
USA;Alabama;Tuskegee;Tuskegee University;;http://www.tuskegee.edu/
USA;Alabama;Daphne;;United States Sports Academy ;http://www.ussa.edu/
USA;Alabama;Tuscaloosa;University of Alabama System (Birmingham);;http://www.uab.edu/
USA;Alabama;Birmingham;University of Alabama System (Huntsville);;http://www.uah.edu/
USA;Alabama;Huntsville;University of Alabama System (Tuscaloosa Main campus);;http://www.ua.edu/
USA;Alabama;Mobile;University of Mobile;;http://www.umobile.edu/
USA;Alabama;Montevallo;University of Montevallo;;http://www.montevallo.edu/
USA;Alabama;Florence;University of North Alabama ;;http://www.una.edu/
USA;Alabama;Mobile;University of South Alabama;;http://www.usouthal.edu/
USA;Alabama;Livingston;University of West Alabama;;http://www.uwa.edu/
USA;Alaska;Glennallen;;Alaska Bible College;http://www.akbible.edu/
USA;Alaska;Anchorage;Alaska Pacific University;;http://www.alaskapacific.edu/
USA;Alaska;Anchorage;University of Alaska System (Anchorage);;http://www.uaa.alaska.edu/
USA;Alaska;Fairbanks;University of Alaska System (Fairbanks);;http://www.uaf.edu/
USA;Alaska;Juneau;University of Alaska System (Southeast);;http://www.uas.alaska.edu/
USA;Arizona;Mesa;A.T. Still University of Health Sciences;;http://www.atsu.edu/
USA;Arizona;Phoenix;;American Indian College of Assemblies of God;http://www.aicag.edu/
USA;Arizona;Tempe;Arizona State University ;;http://www.asu.edu/
USA;Arizona;Mesa;Arizona State University Polytehnic Campus  ;;http://www.poly.asu.edu/
USA;Arizona;Phoenix;Arizona State university at the West Campus ;;http://www.west.asu.edu/
USA;Arizona;Tucson;;Art Center Design College;http://www.theartcenter.edu/
USA;Arizona;Phoenix;DeVry University-Phoenix ;;http://www.phx.devry.edu/
USA;Arizona;Prescott;Embry-Riddle Aeronautical University;;http://www.erau.edu/
USA;Arizona;Phoenix;Grand Canyon University ;;http://www.gcu.edu/
USA;Arizona;Prescott Valley;Northcentral University;;http://www.ncu.edu/
USA;Arizona;Flagstaff;Northern Arizona University;;http://www.nau.edu/
USA;Arizona;Prescott;;Prescott College;http://www.prescott.edu/
USA;Arizona;Phoenix;;Southwestern College;http://www.swcaz.edu/
USA;Arizona;Phoenix;;Thunderbird School of Global Management;http://www.thunderbird.edu/
USA;Arizona;Tucson;University of Arizona;;http://www.arizona.edu/
USA;Arizona;Phoenix;University of Phoenix;;http://www.phoenix.edu/
USA;Arizona;Phoenix;Western International University;;http://www.wintu.edu/
USA;Arkansas;Little Rock;;Arkansas Baptist College;http://www.arkansasbaptist.edu/
USA;Arkansas;Jonesboro;Arkansas State University;;http://www.astate.edu/
USA;Arkansas;Russellville;Arkansas Tech University;;http://www.atu.edu/
USA;Arkansas;Conway;;Central Baptist College;http://www.cbc.edu/
USA;Arkansas;Searcy;Harding University;;http://www.harding.edu/
USA;Arkansas;Conway;Henderson State University;;http://www.hsu.edu/
USA;Arkansas;Arkadelphia;;Hendrix College;http://www.hendrix.edu/
USA;Arkansas;Siloam Springs;John Brown University;;http://www.jbu.edu/
USA;Arkansas;Batesville;;Lyon College;http://www.lyon.edu/
USA;Arkansas;Arkadelphia;Ouachita Baptist University;;http://www.obu.edu/
USA;Arkansas;Little Rock;;Philander Smith College ;http://www.philander.edu/
USA;Arkansas;Magnolia;Southern Aekansas University;;http://www.saumag.edu/
USA;Arkansas;Little Rock;University of Arkansas System;;http://www.uasys.edu/
USA;Arkansas;Fayetteville;University of Arkansas System (Fayetteville);;http://www.uark.edu/
USA;Arkansas;Fort Smith;University of Arkansas System (Fort Smith);;http://www.uafortsmith.edu/
USA;Arkansas;Little Rock;University of Arkansas System (Little Rock);;http://www.ualr.edu/
USA;Arkansas;Little Rock;University of Arkansas System (Medical Sciences);;http://www.uams.edu/
USA;Arkansas;Monticello;University of Arkansas System (Monticello);;http://www.uamont.edu/
USA;Arkansas;Pine Bluff;University of Arkansas System (Pine Bluff);;http://www.uapb.edu/
USA;Arkansas;Conway;University of Central Arkansas;;http://www.uca.edu/
USA;Arkansas;Clarksville;University of the Ozarks ;;http://www.ozarks.edu/
USA;Arkansas;Walnut Ridge;;Williams Baptist College;http://www.wbcoll.edu/
USA;California;San Diego;Alliiant International University;;http://www.alliant.edu/
USA;California;Culver;Antioch University-Los Angeles ;;http://www.antiochla.edu/
USA;California;Pasadena;;Art Center Design College;http://www.artcenter.edu/
USA;California;Azusa;Azusa Pacific University ;;http://www.apu.edu/
USA;California;Scotts Valley;;Bethany College ;http://www.bethany.edu/
USA;California;Anaheim;Bethesda Christian University;;http://www.bcu.edu/
USA;California;La Mirada;Biola University;;http://www.biola.edu/
USA;California;Riverside;California Baptist University;;http://www.calbaptist.edu/
USA;California;San Francisco;;California College of the Arts;http://www.cca.edu/
USA;California;Valencia;;California Institute of the Arts ;http://www.calarts.edu/
USA;California;San Francisco;;California institute of Integral Studies ;http://www.ciis.edu/
USA;California;Pasadena;;California Institute of Technology;http://www.caltech.edu/
USA;California;Thousand Oaks;California Lutheran University;;http://www.callutheran.edu/
USA;California;Escondido;California Pacific University ;;http://www.cpu.edu/
USA;California;Long Beach;Callifornia State University Systems ;;http://www.calstate.edu/
USA;California;Bakersfield;;Bakersfiled ;http://www.csub.edu/
USA;California;Vallejo;;California Maritime Academy;http://www.csum.edu/
USA;California;San Luis Obispo;California Polytechnic University, San Lui Obispo ;;http://www.calpoly.edu/
USA;California;Pomona;California State Polytechnic University, Pomona;;http://www.csupomona.edu/
USA;California;Camarillo;;Channel Islands;http://www.csuci.edu/
USA;California;Chico;;Chico;http://www.csuchico.edu/
USA;California;Carson;;Dominguez Hills ;http://www.csudh.edu/
USA;California;Hayward;;East Bay ;http://www.csueastbay.edu/
USA;California;Fresno;;Frenso;http://www.csufresno.edu/
USA;California;Fullerton;;Fullerton;http://www.fullerton.edu/
USA;California;Long Beach;;Long Beach ;http://www.csulb.edu/
USA;California;;;Los Angeles ;http://www.calstatela.edu/
USA;California;;;Montgomery Bay;http://www.calstatela.edu/
USA;California;Northridge;;Northridge;http://www.csun.edu/
USA;California;Sacramento;;Sacramento;http://www.csus.edu/
USA;California;San Bernardino;;San Bernardio;http://www.csusb.edu/
USA;California;San Marcos;;San Marcos ;http://www.csusm.edu/
USA;California;;;Stanislaus;http://lead.csustan.edu/
USA;California;Arcata;Humboldt State University ;;http://www.humboldt.edu/
USA;California;San Diego;San Diego State University ;;http://www.sdsu.edu/
USA;California;San Francisco;San Francisco State University;;http://www.sfsu.edu/
USA;California;San Jose;San Jose State University;;http://www.sjsu.edu/
USA;California;Rohnert Park;Sonoma State University;;http://www.sonoma.edu/
USA;California;Orange;Chapman University ;;http://www.chapman.edu/
USA;California;Los Angeles;Charles R. Drew University of Medicine z& Science;;http://www.cdrewu.edu/
USA;California;Berkeley;;Church Divinity School of Pacific ;http://www.cdsp.edu/
USA;California;Clatemont;;Clatemont Consortiym of College ;http://www.claremont.edu/
USA;California;Claremont;Claremont Graduate University;;http://www.cgu.edu/
USA;California;Claremont;;Claremont Mc Kenna College;http://www.cgu.edu/
USA;California;Claremont;;Harvey Mudd College;http://www.hmc.edu/
USA;California;Claremont;;Keck Graduate Institute of Applied Life Sciences;http://www.kgi.edu/
USA;California;Claremont;;Pitzer College;http://www.pitzer.edu/
USA;California;Claremont;;Pomona College ;http://www.pomona.edu/
USA;California;Claremont;;Scripps College ;http://www.scrippscollege.edu/
USA;California;Sunnyvale;;Cogswell Polytechnical College;http://www.cogswell.edu/
USA;California;Irvine;Concordia University-Irvine ;;http://www.cui.edu/
USA;California;Long Beach;DeVry University-Long Beach;;http://www.lb.devry.edu/
USA;California;Pomona;DeVry University-Pomona ;;http://www.pom.devry.edu/
USA;California;Berkeley;;Dominican School of Philosophy & Theology;http://www.dspt.edu/
USA;California;San Rafael;Dominican University of California;;http://www.dominican.edu/
USA;California;Santa Barbara;;Fielding Graduate Institute ;http://www.fielding.edu/
USA;California;Berkeley;;Franciscan School of Theology;http://www.fst.edu/
USA;California;Fresno;Fresno Pacific University;;http://www.fresno.edu/
USA;California;Pasadena;;Fuller Theological Seminary;http://www.fuller.edu/
USA;California;San Francisco;Golden Gate University;;http://www.ggu.edu/
USA;California;Berkeley;;Graduate theological Union;http://www.gtu.edu/
USA;California;Oakland;Holy Names University;;http://www.hnu.edu/
USA;California;Fullerton;Hope International University;;http://www.hiu.edu/
USA;California;Stockton;;humphreys College;http://www.humphreys.edu/
USA;California;Palo Alto;;Institute of Transpersonal Psychology;http://www.itp.edu/
USA;California;Berkeley;;Jesuit School of Theology at Berkley;http://www.jstb.edu/
;California;Orinda;John F. Kennedy University ;;http://www.jfku.edu/
USA;California;Riverside;La Sierra University;;http://www.lasierra.edu/
USA;California;San Dimas;;Life Pacific College;http://www.lifepacific.edu/
USA;California;Oakland;Lincoln University;;http://www.lincolnuca.edu/
USA;California;Loma Linda;Loma Linda University ;;http://www.llu.edu/
USA;California;Los Angeles;Loyola Marymount University;;http://www.lmu.edu/
USA;California;Rancho Palos Verdes;;Marymount College;http://www.marymountpv.edu/
USA;California;Santa Clarita;;The Master's College;http://www.masters.edu/
USA;California;;;The Master's Seminary;http://www.tms.edu/
USA;California;Atherton;;Menlo College;http://www.menlo.edu/
USA;California;Oakland;;Mills College ;http://www.mills.edu/
USA;California;Monterey;;Monterey Institute of International Studies;http://www.miis.edu/
USA;California;Los Angeles;;Mount Saint Mary's College ;http://www.msmc.la.edu/
USA;California;San Jose;National Hispanic University;;http://www.nhu.edu/
USA;California;San Diego;National University;;http://www.nu.edu/
USA;California;Monterey;;Naval Postgraduate School ;http://www.nps.navy.mil/
USA;California;Belmont;Notre Dame de Namur University;;http://www.ndnu.edu/
USA;California;Los Angeles;;Occidental College;http://www.oxy.edu/
USA;California;Los Angeles;;Otis College of Art & Design;http://www.otis.edu/
USA;California;Pasadena;;Pacific Oaks College ;http://www.pacificoaks.edu/
USA;California;Angwin;;Pacific Union College ;http://www.puc.edu/
USA;California;Carpinteria;;Pacifica Graduate Institute ;http://pacifica.edu/
USA;California;Santa Monica;;Pardee RAND  Graduate School;http://www.prgs.edu/
USA;California;Oakland;;Patten College;http://www.patten.edu/
USA;California;Oakland;;Pepperdine University;http://www.pepperdine.edu/
USA;California;San Diego;;Platt College;http://www.platt.edu/
USA;California;San Diego;;Point Loma Nazarene University ;http://www.pointloma.edu/
USA;California;Moraga;;Saint  Mary's College of California;http://www.stmarys-ca.edu/
USA;California;Oakland;;Samuel Merrit College ;http://www.samuelmerritt.edu/
USA;California;El Cajon;;San Diego Christian College ;http://www.sdcc.edu/
USA;California;Santa Clara;Santa Clara University ;;http://www.scu.edu/
USA;California;San Francisco;;Saybrook Graduete School & Research Center ;http://www.saybrook.edu/
USA;California;Redding;Simpson University ;;http://www.simpsonuniversity.edu/
USA;California;Aliso Viejo;Soka University of America ;;http://www.soka.edu/
USA;California;Los Angeles;;Southern California Institute of Architecture;http://www.sciarc.edu/
USA;California;Los Angeles;Southwestern University School of Law ;;http://www.swlaw.edu/
USA;California;Stanford;Stanford University;;http://www.stanford.edu/
USA;California;Santa Paula;;Thomas Aquinas College ;http://www.thomasaquinas.edu/
USA;California;Oakland;University of California System ;;http://www.ucop.edu/
USA;California;Oakland;University of California Berkeley ;;http://www.berkeley.edu/
USA;California;Davis;University of California Davis ;;http://www.ucdavis.edu/
USA;California;San Francisco;University of California Hastings College of the Law ;;http://www.uchastings.edu/
USA;California;Irvine;University of California Irvine;;http://www.uci.edu/
USA;California;Los Angeles;University of California Los Angeles ;;http://www.ucla.edu/
USA;California;Merced;University of California Merced ;;http://www.ucmerced.edu/
USA;California;Riverside;University of California Riverside;;http://www.ucr.edu/
USA;California;La Jolla;University of California San Diego;;http://www.ucsd.edu/
USA;California;San Francisco;University of California San Francisco;;http://www.ucsf.edu/
USA;California;Santa Barbara;University of California Santa Barbara;;http://www.ucsb.edu/
USA;California;Santa Cruz;University of California Santa Cruz;;http://www.ucsc.edu/
USA;California;Los Angeles;American Jewish University ;;http://www.ajula.edu/
USA;California;La Verne;University of La Verne ;;http://www.ulv.edu/
USA;California;Santa Rosa;University of Nothern California;;http://www.uncm.edu/
USA;California;Stockton;University of the Pacific;;http://www.pacific.edu/
USA;California;Redlands;University of Redlands;;http://www.redlands.edu/
USA;California;San Diego;University of San Diego;;http://www.sandiego.edu/
USA;California;San Francisco;University of San Francisco;;http://www.usfca.edu/
USA;California;Costa Mesa;University of Southern California ;;http://www.usc.edu/
USA;California;Costa Mesa;Vanguard University of Southern California ;;http://www.vanguard.edu/
USA;California;Fullerton;Western State University College of Law ;;http://www.wsulaw.edu/
USA;California;Pomona;Western University of Health Sciences;;http://www.westernu.edu/
USA;California;Escondido;;Westminster Seminary California ;http://www.wscal.edu/
USA;California;Montecito;;Westmont College;http://www.westmont.edu/
USA;California;Whittier;;Whittier College;http://www.whittier.edu/
USA;California;Santa Ana;William Howard Taft University;;http://www.taftu.edu/
USA;California;Rocklin;William Jessup University ;;http://www.jessup.edu/
USA;California;Burbank;Woodbury University ;;http://www.woodbury.edu/
USA;Colorado;Alamosa;;Adams State College ;http://www.adams.edu/
USA;Colorado;Denver;;Art Institute of Colorado;http://www.artinstitutes.edu/denver/
USA;Colorado;Greenwood Vlg;;College for Financial Planning ;http://www.cffp.edu/
USA;Colorado;Lakewood;Colorado Christian University ;;http://www.ccu.edu/
USA;Colorado;Colorado Springs;;Colorado College ;http://www.coloradocollege.edu/
USA;Colorado;Golden;;Colorado School of Mines;http://www.mines.edu/
USA;Colorado;Fort Collins;Colorado State University ;;http://www.colostate.edu/
USA;Colorado;Pueblo;Colorado State University - Pueblo;;http://www.colostate-pueblo.edu/
USA;Colorado;Colorado Springs;Colorado Technical University;;http://www.coloradotech.edu/
USA;Colorado;Littleton;;Denver Seminary;http://www.denverseminary.edu/
USA;Colorado;Durango;;Fort Lewis College;http://www.fortlewis.edu/
USA;Colorado;Denver;;Iliff School of Theology;http://www.iliff.edu/
USA;Colorado;Centennial;Jones Intenational University ;;http://www.jonesinternational.edu/
USA;Colorado;Grand Junction;;Mesa State College;http://www.mesastate.edu/
USA;Colorado;Denver;;Metropolitan State College of Denver;http://www.mscd.edu/
USA;Colorado;Boulder;Naropa University;;http://www.naropa.edu/
USA;Colorado;Denver;;National Theatre Conservatory;http://www.denvercenter.org/page.cfm?xid=23842027/
USA;Colorado;Colorado Springs;;Nazarene Bible College ;http://www.nbc.edu/
USA;Colorado;Denver;Regis University ;;http://www.regis.edu/
USA;Colorado;Lakewood;;Rocky Mountain College of Art & Design ;http://www.rmcad.edu/
USA;Colorado;;;United States Air Force Academy;http://www.usafa.edu/
USA;Colorado;Denver;University of Colorado System;;http://www.cu.edu/
USA;Colorado;Boulder;University of Colorado at Boulder ;;http://www.colorado.edu/
USA;Colorado;Colorado Springs;University of Colorado at Colorado Springs ;;http://www.uccs.edu/
USA;Colorado;Denver;University of Colorado at Denver;;http://www.cudenver.edu/
USA;Colorado;Denver;University of Colorado Denver Health Sciences Center;;http://www.uchsc.edu/
USA;Colorado;Denver;University of Denver;;http://www.du.edu/
USA;Colorado;Greeley;University of Nothern Colorado;;http://www.unco.edu/
USA;Colorado;Colorado Springs;University of the Rockies ;;http://www.rockies.edu/
USA;Colorado;Gunnison;;Western State College of Colorado;http://www.western.edu/
USA;Connecticut;New Haven;;Albertus Magnus College;
USA;Connecticut;New Britain;Central Connecticut State University;;
USA;Connecticut;Waterbury;;Charter Oak State College ;
USA;Connecticut;New London;;Connecticut College;
USA;Connecticut;;Eastern Connecticut State University ;;
USA;Connecticut;Fairfield;Fairfield University ;;
USA;Connecticut;Hartford;;Hartford Seminary ;
USA;Connecticut;Cromwell;;Holy Apostles College & Seminary ;
USA;Connecticut;Hamburg;;Lyme Academy College of Fine Arts ;
USA;Connecticut;New London;;Mitchell College;
USA;Connecticut;Waterbury;Post University ;;
USA;Connecticut;Hamden;Quinnipiac University;;
USA;Connecticut;Fairfield;Sacred Heart University ;;
USA;Connecticut;West Hartford;;Saint Joseph College;
USA;Connecticut;NewHaven;Suothern Connecticut State University;;
USA;Connecticut;Hartford;;Trinity College;
USA;Connecticut;New London;;United States Coast Guard Academy;
USA;Connecticut;Bridgeport;University of Bridgeport ;;
USA;Connecticut;Storrs;University of Connecticut ;;
USA;Connecticut;West Hartford;University of Hartford;;
USA;Connecticut;West Haven;University of New Haven;;
USA;Connecticut;Middletown;Wesleyan University;;
USA;Connecticut;Danbury;Western Connecticut State University ;;
USA;Connecticut;New Haven;Yale University;;
USA;Delaware;Dover;Delaware State University;;
USA;Delaware;Wilmington;;Goldey-Beacom College;
USA;Delaware;Newark;University of Delaware ;;
USA;Delaware;Dover;;Wesley College;
USA;Delaware;New Castle;Wilmington University;;
USA;District of Columbia ;Washington;American University ;;
USA;District of Columbia ;Washington;The Catholic University of America ;;
USA;District of Columbia ;Washington;;Corcoran College of Art & Design ;
USA;District of Columbia ;Washington;;Dominican House of Studies;
USA;District of Columbia ;Washington;Gallaudet University;;
USA;District of Columbia ;Washington;George Washington University ;;
USA;District of Columbia ;Washington;Georgetown University;;
USA;District of Columbia ;Washington;Howard University;;
USA;District of Columbia ;Washington;;Institute of World Politics;
USA;District of Columbia ;Washington;;Joint Military Intelligence College;
USA;District of Columbia ;Washington;National Defense University ;;
USA;District of Columbia ;Washington;Southeastern University ;;
USA;District of Columbia ;Washington;Strayer University ;;
USA;District of Columbia ;Washington;Trinity University ;;
USA;District of Columbia ;Washington;University of the District of Columbia ;;
USA;District of Columbia ;Washington;;Washington Theological Union;
USA;District of Columbia ;Washington;;Wesley theological Seminary ;
USA;Florida;Graceville;;The Baptist College of Florida;
USA;Florida;Miami;Barry University ;;
USA;Florida;Leesburg;;Beacon College;
USA;Florida;Daytona Beach;;Bethune-Cookman College;
USA;Florida;Doral;Carlos Albizu University-Miami;;
USA;Florida;Marianna;;Chipola College;
USA;Florida;Clearwater;;Clearwater Christian College;
USA;Florida;Daytona Beach;;Daytona State College;
USA;Florida;Orlando;Devry University-Orlando;;
USA;Florida;St Petersburg;;Eckerd College;
USA;Florida;Fort Myers;;Edison State College;
USA;Florida;Jacksonville;;Edward Waters College ;
USA;Florida;Daytona Beach;Embry-Riddle Aeronautical University;;
USA;Florida;St Augustine;;Flagler College;
USA;Florida;Tampa;Florida Agricultual & Mechanical University ;;
USA;Florida;Boca Raton;Florida Atlantic University ;;
USA;Florida;Kissimmee;;Florida Christian College;
USA;Florida;Temple Terrace;;Florida College;
USA;Florida;Punta Gorda;Florida Gulf Coast University ;;
USA;Florida;Orlando;;Florida Hospital College of Health Sciences;
USA;Florida;Melbourne;;Florida Institute of Technology ;
USA;Florida;Miami;Florida International University ;;
USA;Florida;Miami;Florida Memorial University ;;
USA;Florida;;Florida Metropolitan University ;;
USA;Florida;Orlando;;Florida Southern College;
USA;Florida;Tallahassee;Florida State University ;;
USA;Florida;Panama;Florida State University Panama City Campus ;;
USA;Florida;Hobe Sound;;Hobe Sound Bible College ;
USA;Florida;Naples;Hodges University ;;
USA;Florida;Jacksonville;Jacksonville University ;;
USA;Florida;Miami;;Jones College;
USA;Florida;Daytona Beach;Keiser University ;;
USA;Florida;Boca Raton;Lynn University ;;
USA;Florida;Miami;Miami International University of Art & Design ;;
USA;Florida;Sarasota;;New College of Florida;
USA;Florida;West Palm Beach;Northwood University ;;
USA;Florida;Davie;Nova Southeastern University ;;
USA;Florida;West Palm Beach;Palm Beach Atlantic University ;;
USA;Florida;Sarasota;;Ringling School of Art & Design ;
USA;Florida;Winter Park;;Rollins College ;
USA;Florida;Miami;;Sain John Vianney College Seminary ;
USA;Florida;St Leo;;Saint Leo College ;
USA;Florida;Seminole;;Saint Petersburg College ;
USA;Florida;Opa Locka;Saint Thomas University ;;
USA;Florida;Boynton Beach;;Saint Vincent de Paul Regional Seminary ;
USA;Florida;Deerfield Beach;;South Florida Bible College & Theological Seminary ;
USA;Florida;Lakeland;Southeastern University ;;
USA;Florida;Deland;Stetson University ;;
USA;Florida;Trinity;;Trinity College of Florida;
USA;Florida;Hurlburt Field;Troy State University-Florida Region ;;
USA;Florida;Orlando;University of Central Florida ;;
USA;Florida;Gainesville;University of Florida ;;
USA;Florida;Coral Gables;niversity of Maimi;;
USA;Florida;Jacksonville;University of North Florida ;;
USA;Florida;Tampa;University of South Florida ;;
USA;Florida;Petersburg;University of South Florida-Saint Petersburg;;
USA;Florida;Tampa;University of Tampa ;;
USA;Florida;Pensacola;University of West florida ;;
USA;Florida;Lake Wales;;Warner Southern College;
USA;Florida;Babson Park;Webber International University ;;
USA;Hawaii;Laie;Brigham Young University -Hawaii;;
USA;Hawaii;Honolulu;Chaminade University ;;
USA;Hawaii;Honolulu;Hawaii Pacific University ;;
USA;Hawaii;Honolulu;University of Hawaii System;;
USA;Hawaii;Hilo;University of Hawaii Hilo ;;
USA;Hawaii;Honolulu;University of Hawaii Manoa ;;
USA;Hawaii;Pearl ;University of Hawaii West Oahu ;;
USA;Idaho;Boise;Boise State University ;;
USA;Idaho;Rexburg;Brigham Young University -Idaho;;
USA;Idaho;Caldwell;;The College of Idaho;
USA;Idaho;Pocatello;Idaho State University ;;
USA;Idaho;Lewiston;;Lewis-Clark State College ;
USA;Idaho;Nampa;Northwest Nazarene University ;;
USA;Idaho;Moscow;University of Idaho ;;
USA;Illinois;Chicago;;Adler School of Professional Physhology ;
USA;Illinois;Chicago;;American College of Education ;
USA;Illinois;Schaumburg;Argosy University ;;
USA;Illinois;Rock Island;;Augustana College;
USA;Illinois;Aurora;Aurora University ;;
USA;Illinois;Lisle;Benedictine University ;;
USA;Illinois;Carlinville;;Blackburn College ;
USA;Illinois;Quincy;;Blessing-Reiman College of Nursing ;
USA;Illinois;Peoria;Bradley University ;;
USA;Illinois;Chicago;;Catholic Theological Union ;
USA;Illinois;Chicago;;The Chicago Schoolof Professional Phychology ;
USA;Illinois;Chicago;Chicago State University ;;
USA;Illinois;Chicago;;Chicago Theological Seminary;
USA;Illinois;Chicago;;Columbia College Chicago ;
USA;Illinois;River Forest;Concordia University-Chicago;;
USA;Illinois;Chicago;Depaul University ;;
USA;Illinois;Chicago;DeVry University ;;
USA;Illinois;;DeVry University-Chicago ;;
USA;Illinois;Addison;DeVry University-DuPage ;;
USA;Illinois;River Forest;Dominican University ;;
USA;Illinois;Chicago;East-West University ;;
USA;Illinois;Charleston;Eastern Illinois University ;;
USA;Illinois;Chicago;Ellis University ;;
USA;Illinois;Elmhurst;;Elmhurst Colleg;
USA;Illinois;Chicago;;Erikson Institute;
USA;Illinois;Eureka;;Eureka College;
USA;Illinois;Evanston;;Garret-Evangelical Theological Seminary ;
USA;Illinois;University Park;Governors State University ;;
USA;Illinois;Greenville;;Greenville College ;
USA;Illinois;Skokie;;Hebrew Theological College ;
USA;Illinois;Jacksonville;;Illinois College;
USA;Illinois;Chicago;;Illinois College of Optometry;
USA;Illinois;Chicago;;Illinois Institute of Art-Chicago;
USA;Illinois;Schaumburg;;Illinois Institute of Art-Schaumburg ;
USA;Illinois;Chicago;;Illimois Institute of Technology ;
USA;Illinois;Normal;;Illinois State University ;
USA;Illinois;Bloomington;Illinois Wesleyan University ;;
USA;Illinois;Chicago;;Institute for Clinical Social Work ;
USA;Illinois;Chicago;;John Marshall Law School;
USA;Illinois;Elgin;Judson University ;;
USA;Illinois;Evanston;;Kendall College;
USA;Illinois;Skokie;;Knowledge System Institute ;
USA;Illinois;Galesburg;;Knox College;
USA;Illinois;Lincolnshire Woods;;Lake Forest College ;
USA;Illinois;Lake Forest;;Lake Forest Graduate School of Management ;
USA;Illinois;Danville;;Lakeview Ocllege of Nursing ;
USA;Illinois;Romeoville;Lewis University ;;
USA;Illinois;Chicago;;Lexington College ;
USA;Illinois;Lincoln;;lincoln Christian Collge & Seminary;
USA;Illinois;Lincoln;;Lincoln College;
USA;Illinois;Chicago;Loyola University Chicago;;
USA;Illinois;Chicago;;Lutheran School of Theology at Chicago ;
USA;Illinois;Jacksonville;;MacMurray Collge ;
USA;Illinois;Chicago;;McCormick Theological Seminary;
USA;Illinois;Lebanon;McKendree University ;;
USA;Illinois;Peoria;;Midstate College ;
USA;Illinois;Downers Grove;Midwestern University ;;
USA;Illinois;Decatur;Millikin University ;;
USA;Illinois;Monmouth;;Monmouth College;
USA;Illinois;Chicago;;Moody Bible Institute;
USA;Illinois;Lombard;National University of Health Sciences;;
USA;Illinois;Elgin;National-Louis University ;;
USA;Illinois;Naperville;;North Central Collge;
USA;Illinois;Chicago;North Park University ;;
USA;Illinois;Chicago;Northeastern Illinois University ;;
USA;Illinois;Lombard;Northern Baptist Theological Seminary ;;
USA;Illinois;Dekalb;Northern Illinois University;;
USA;Illinois;Evanston;Northwestern University ;;
USA;Illinois;Bourbonnais;Olivet Nazarene University;;
USA;Illinois;Elsah;;Principia College;
USA;Illinois;Quincy;Quincy University;;
USA;Illinois;Orland Park;;Robert Morris College;
USA;Illinois;Rockford;;Rockford College;
USA;Illinois;Chicago;Roosvelt University ;;
USA;Illinois;North Chicago;Rosalind Franklin University of Medicine & Science;;
USA;Illinois;Chicago;Rush University ;;
USA;Illinois;Rockford;;Saint Athony College of Nursing;
USA;Illinois;Chicago;;Saint Augustine College;
USA;Illinois;Peoria;;Saint Francis Medical Center College of Nursing;
USA;Illinois;Springfield;;Saint John's College;
USA;Illinois;Chicago;Saint Xavier University ;;
USA;Illinois;Chicago;;School of the Art Institute of Chicago;
USA;Illinois;Evanston;;Seabury-Weastern Theological Seminary;
USA;Illinois;Waukegan;; Shimer College;
USA;Illinois;Carbondale;Southern Illinois Univversity Systems;;
USA;Illinois;Carbondale;Southern Illinois University Carbondale;;
USA;Illinois;Edwardsville;Southern Illinois University Edwardsville;;
USA;Illinois;Chicago;;Spertus Institute of Jewish Studies ;
USA;Illinois;Palos Heights;;Trinity Christian College;
USA;Illinois;Rock Island;;Trinity College of Nursing & Health Sciences ;
USA;Illinois;Bannockburn;Trinity International University ;;
USA;Illinois;Chicago;University of Chicago ;;
USA;Illinois;Urbana;University of Illinois System;;
USA;Illinois;Chicago;University of Illinois at Chicago;;
USA;Illinois;Springfield;University of Illinois at Springfield;;
USA;Illinois;;University of Illinois at Urbana-Champaign;;
USA;Illinois;Joliet;University of Saint Francis;;
USA;Illinois;Chicago;;Vandercook College of Music;
USA;Illinois;Oak Park;;West Suburban College of Nursing ;
USA;Illinois;;Western Illinois University ;;
USA;Illinois;Wheaton;;Wheaton College;
USA;Iowa;Waterloo;;Allen College;
USA;Iowa;Clinton;Ashford University ;;
USA;Iowa;Algona;Briar Cliff University ;;
USA;Iowa;Newton;Buena Vista University ;;
USA;Iowa;Pella;;Central College;
USA;Iowa;Dubuque;;Clarke College;
USA;Iowa;Cedar Rapids;;Coe College;
USA;Iowa;Mount Vernon;;Cornell College;
USA;Iowa;Des Moines;Des Moines University-Osteopathic Medical Center;;
USA;Iowa;Epworth;;Divine Word College;
USA;Iowa;Sioux Center;;Dordt College;
USA;Iowa;Des Moines;Drake University ;;
USA;Iowa;Dubuque;;Emmaus Bible College;
USA;Iowa;Ankeny;;Faith Baptist Bible College & Theological Seminary ;
USA;Iowa;Lamoni;Graceland University;;
USA;Iowa;Des Moines;Grand View University ;;
USA;Iowa;Grinnell;;Grinnnell College;
USA;Iowa;Ames;Iowa State University ;;
USA;Iowa;Mt Pleasant;;Iowa Wesleyan College ;
USA;Iowa;Omaha;Kaplan University ;;
USA;Iowa;Dubuque;;Loras College ;
USA;Iowa;Decorah;;Luther College ;
USA;Iowa;Fairfield;Maharishi University of Management ;;
USA;Iowa;Des Moines;;Mercy College of Health Sciences ;
USA;Iowa;Sioux;;Morningside College;
USA;Iowa;Cedar Rapids;;Mount Mercy College;
USA;Iowa;Orange;;Northwestern College;
USA;Iowa;Davenport;;Palmer College of Chiropractic;
USA;Iowa;Davenport;Saint Ambrose University ;;
USA;Iowa;Indianola;;Simpson College ;
USA;Iowa;Dubuque;University of Dubuque;;
USA;Iowa;Iowa ;University of Iowa ;;
USA;Iowa;Cedar Falls;University of Northern Iowa;;
USA;Iowa;Waterloo;Upper Iowa University ;;
USA;Iowa;Forest ;;Waldorf College;
USA;Iowa;Waverly;;Wartburg College;
USA;Iowa;Dubuque;;Wartburg Theological Seminary ;
USA;Iowa;Oskaloosa;William Penn University ;;
USA;Kansas;Baldwin ;Baker University ;;
USA;Kansas;Atchison;;Benedictine College;
USA;Kansas;Lindsborg;;Bathany College;
USA;Kansas;North Newton;;Bethel College;
USA;Kansas;Shawnee;;Central Baptist Theological Seminary ;
USA;Kansas;McPherson;;Central Christian College of Kansas;
USA;Kansas;Kansas ;;Cleveland Chiropractic College;
USA;Kansas;;;Emmaus Bible College;
USA;Kansas;Hays;Fort Hays State University ;;
USA;Kansas;Wichita;Friends University ;;
USA;Kansas;Lawrence;Haskell Indian Nations University ;;
USA;Kansas;Manhattan;Kansas State University;;
USA;Kansas;Salina;;Kansas State University-Salina College of Technology & Aviation ;
USA;Kansas;Salina;Kansas Wesleyan University ;;
USA;Kansas;Manhattan;;Manhatten Christian College;
USA;Kansas;McPherson;;McPherson College;
USA;Kansas;Olathe;;MidAmerica Nazarene College;
USA;Kansas;Wichita;Newman University ;;
USA;Kansas;Ottawa;Ottawa University;;
USA;Kansas;Pittsburg;Pittsburg University ;;
USA;Kansas;Winfield;;Southwestern College;
USA;Kansas;Sterling;;Sterling College;
USA;Kansas;Hillsboro;;Tabor College;
USA;Kansas;Ft. Leavenworth;;United States Army Command & General Staff Collge;
USA;Kansas;Lawrence;University of Kansas;;
USA;Kansas;Kansas;University of Kansas Medical Center;;
USA;Kansas;Leavenworth;University of Saint Mary;;
USA;Kansas;Topeka;Washburn University ;;
USA;Kansas;Wichita;Wichita State University;;
USA;Kentucky;Pippa Passes;;Alice Lloyd College;
USA;Kentucky;Wilmore;;Asbury College;
USA;Kentucky;Wilmore;;Asbury Theological Seminary ;
USA;Kentucky;Louisville;Bellarmine University ;;
USA;Kentucky;Berea;;Berea College;
USA;Kentucky;Owensboro;Brescial University ;;
USA;Kentucky;Campbellsville;Campbellsville University;;
USA;Kentucky;Danville;;Centre College;
USA;Kentucky;Pineville;;Clear Creek Baptist Bible College;
USA;Kentucky;Richmond;Eastern Kentucky University;;
USA;Kentucky;Georgetown;;Goergetown College ;
USA;Kentucky;Grayson;Kentucky Christian University ;;
USA;Kentucky;Jackson;;Kentucky mountain Bible College;
USA;Kentucky;Frankfort;Kentucky State University ;;
USA;Kentucky;Owensboro;;Kentucky Wesleyan College;
USA;Kentucky;Lexington;;Lexinton Theological Seminary ;
USA;Kentucky;Columbia;;Lindsey Wilson College;
USA;Kentucky;Russellville;;Mid-Continent College;
USA;Kentucky;Midway;;Midway College;
USA;Kentucky;Morehead;Morehead State University ;;
USA;Kentucky;Murray;Murry State University ;;
USA;Kentucky;Highland Heights;Northern Kentucky University ;;
USA;Kentucky;Pikeville;;Pikeville College;
USA;Kentucky;St Catharine;;Saint Catharine College;
USA;Kentucky;Louisville;;Southern Baptist Theological Seminary ;
USA;Kentucky;Louisville;Spalding University ;;
USA;Kentucky;Louisville;Sullivan University ;;
USA;Kentucky;Crestview Hills;;Thomas More College;
USA;Kentucky;Lexington;Transylvania University ;;
USA;Kentucky;Barbourville;;Union College;
USA;Kentucky;Lexington;University of Kentucky;;
USA;Kentucky;Louisville;University of Louisville;;
USA;Kentucky;Williamsburg;University of the Cumberlands;;
USA;Kentucky;Bowling Green;Western Kentucky University ;;
USA;Louisiana;Shreveport;;Centenary College of Louisiana;
USA;Louisiana;New Orleans;Dillard University ;;
USA;Louisiana;Grambling;Grambling State University ;;
USA;Louisiana;Pineville;;Louisiana College;
USA;Louisiana;Baton Rouge;Louisiana State University System;;
USA;Louisiana;Alexandria;Louisiana State University Alexandria;;
USA;Louisiana;Baton Rouge;Louisiana State University Baton Rouge ;;
USA;Louisiana;Shreveport;Louisiana State University Health Sciences Center;;
USA;Louisiana;Shreveport;Louisiana State University Shreveport;;
USA;Louisiana;New Orleans;University of New Orleans;;
USA;Louisiana;Ruston;Louisiana Tech University ;;
USA;Louisiana;New Orleans;Loyola University New Orleans ;;
USA;Louisiana;Lake Charles;McNeese State University ;;
USA;Louisiana;Thibodaux;Nicholls State University ;;
USA;Louisiana;New Orleans;;New Orleans Baptist Theological Seminary ;
USA;Louisiana;Natchitoches;Northewestern State University of Louisiana ;;
USA;Louisiana;New Orleans;;Our Lady of Holy Cross College;
USA;Louisiana;Baton Rouge;;Our Lady of the Lake College;
USA;Louisiana;Hammond;Southeastern Louisiana University ;;
USA;Louisiana;Baton Rouge;Southern University System ;;
USA;Louisiana;Baton Rouge;Southern University Baton Rouge;;
USA;Louisiana;New Orleans;Southern University New Orleans;;
USA;Louisiana;New Orleans;Tulane University ;;
USA;Louisiana;Baton Rouge;University of Louisiana System ;;http://www.ulsystem.net/
USA;Louisiana;Monroe;University of Louisiana at Monroe;;
USA;Louisiana;Lafayette;University of Louisiana Lafayette;;
USA;Louisiana;New Orleans;Xavier University of Louisiana ;;
USA;Maryland;Baltimore;Baltimore Hebrew University;;
USA;Maryland;Baltimore;;Baltimore International College;
USA;Maryland;Bowie;Bowie State University ;;
USA;Maryland;Laurel;;Capitol College;
USA;Maryland;Wye Mills;;Chesapeake College;
USA;Maryland;Baltimore;;College of Notre Dame of Maryland ;
USA;Maryland;Takoma Park;;Columbia Union College;
USA;Maryland;Baltimore;Coppin State University ;;
USA;Maryland;Baltimore;;Goucher College;
USA;Maryland;Frostburg;Frostburg State University;;
USA;Maryland;Frederick;;Hood College;
USA;Maryland;Baltimore;Johns Hopkins University;;
USA;Maryland;Baltimore;;Loyola College;
USA;Maryland;Baltimore;;Maryland Institute, College of Art;
USA;Maryland;Westminster;;McDaniel College;
USA;Maryland;Baltimore;Morgan State University ;;
USA;Maryland;Emmitsburg;Mount Saint Mary's University ;;
USA;Maryland;Silver Spring;;National Labor College;
USA;Maryland;Annapolis;;Saint John's College-Annapolis ;
USA;Maryland;Maryland;;Saint John's College of Maryland;
USA;Maryland;Baltimore;Saint Mary's Seminary & University;;
USA;Maryland;Salisbury;Salisbury University ;;
USA;Maryland;Baltimore;;Soujourner-Douglass College;
USA;Maryland;Laurel;;Tai Sophia Institute ;
USA;Maryland;Towson;Towson University ;;
USA;Maryland;Bethesda;The Uniformed Services University of the Health Sciences;;
USA;Maryland;;;United States Naval Academy;
USA;Maryland;Baltimore;University of Baltimore ;;
USA;Maryland;Baltimore;University of Maryland System;;
USA;Maryland;Baltimore;University of Maryland Baltimore;;
USA;Maryland;Baltimore;University of Maryland Baltimore County;;
USA;Maryland;College Park;University of Maryland College Park;;
USA;Maryland;Princess Anne;University of Maryland Eastern Shore;;
USA;Maryland;Baltimore;University of Maryland University College;;
USA;Maryland;Annapolis;;Washington Bible College;
USA;Maryland;Chestertown;;Washington College;
USA;Maryland;Stevenson;;Villa Julie College;
USA;Maine;Lewiston;;Bates College;
USA;Maine;Brunswick;;Bowdoin College;
USA;Maine;Waterville;;Colby College;
USA;Maine;Bar Harbor;;College of the Atlantic;
USA;Maine;Bangor;;Husson College;
USA;Maine;Portland;;Maine College of Art ;
USA;Maine;Castine;;Maine Maritime Academy;
USA;Maine;Maine ;;Saint Joseph's College;
USA;Maine;Waterville;;Thomas College;
USA;Maine;Unity;;Unity College;
USA;Maine;Bangor;University of Maine System;;
USA;Maine;Augusta;University of Maine at Augasta;;
USA;Maine;Farmington;University of Maine Farmington;;
USA;Maine;Fort Kent;University of Maine Fort Kent ;;
USA;Maine;Machias;University of Maine Machias;;
USA;Maine;Orono;University of Maine Orono;;
USA;Maine;Presque Isle;University of Maine Presque Isle;;
USA;Maine;Portland;University of Maine School of Law;;
USA;Maine;Portland;University of Southern Maine;;
USA;Maine;Portland;University of New England;;
USA;Massachusetts;Springfield;;American International College;
USA;Massachusetts;Amherst;;Amherst College;
USA;Massachusetts;Newton;;Andover Newton Theological School;
USA;Massachusetts;Paxton;;Anna Maria College;
USA;Massachusetts;Worcester;;Assumption College;
USA;Massachusetts;Lancaster;;Atlantic Union College;
USA;Massachusetts;Babson Park;;Babson College;
USA;Massachusetts;Longmeadow;;Bay Path College;
USA;Massachusetts;Leicester;;Becker Colleg;
USA;Massachusetts;Boston;;Benjamin Franklin Institute of Technikogy;
USA;Massachusetts;Waltham;;Bently College;
USA;Massachusetts;Boston;;Berklee College of Music ;
USA;Massachusetts;Boston;;Boston Archtectural College;
USA;Massachusetts;Chestnut Hill;;Boston College;
USA;Massachusetts;Boston;;Boston Conservatory;
USA;Massachusetts;Brookline;;Boston Graduate School of Psychoanalysis;
USA;Massachusetts;Boston;Boston University ;;
USA;Massachusetts;Waltham;Brandeis University ;;
USA;Massachusetts;Bridgewater;;Bridgewater State College;
USA;Massachusetts;Cambridge;;Cambridge College;
USA;Massachusetts;Worcester;Clark University;;
USA;Massachusetts;Worcester;;College of the Holy Cross ;
USA;Massachusetts;Worcester;;Curry College;
USA;Massachusetts;Quincy;;Eastern Nazarene College;
USA;Massachusetts;Chicopee;;Elms College;
USA;Massachusetts;Boston;;Emerson College;
USA;Massachusetts;Boston;;Emmanuel College;
USA;Massachusetts;Beverly;;Endicott College;
USA;Massachusetts;Boston;;Fisher College;
USA;Massachusetts;Fitchburg;;Fitchburg State College;
USA;Massachusetts;Framingham;;Framingham State College;
USA;Massachusetts;Wenham;;Gordon College;
USA;Massachusetts;South Hamilton;;Gordon -Conwell Theological Seminary;
USA;Massachusetts;Amherst;;Hampshire College;
USA;Massachusetts;Petersham;Harvard University;;
USA;Massachusetts;Newton;;Hebrew College;
USA;Massachusetts;Brighton;;Hult International Business School;
USA;Massachusetts;Auburndale;;Lasell College;
USA;Massachusetts;Cambridge;;Lesley College;
USA;Massachusetts;Boston;;Massachusetts College of Arts;
USA;Massachusetts;North Adams;;Massachusetts College of Liberal Arts;
USA;Massachusetts;Boston;;Massachusetts College of Pharmacy & Health Sciences;
USA;Massachusetts;Boston;;Massachusetts Institute of Technology;
USA;Massachusetts;Buzzards Bay;;Massachusetts Maritime Academy;
USA;Massachusetts;West Roxbury;;Massachusetts School of Professianal Psychology;
USA;Massachusetts;Andover;;Merrimack College;
USA;Massachusetts;South Hadley;;Mount Holyoke College;
USA;Massachusetts;Newton;;Mount Ida College ;
USA;Massachusetts;Boston;;New England College of Optometry;
USA;Massachusetts;Boston;;New England Conservatory of Music;
USA;Massachusetts;Brookline;;Newbury College;
USA;Massachusetts;Southborough;;Nichols College;
USA;Massachusetts;Boston;Northeastern University ;;
USA;Massachusetts;Chestnut Hill;;Pine Manor College;
USA;Massachusetts;Weston;;Regis College;
USA;Massachusetts;Salem;;Salem State College;
USA;Massachusetts;Boston;;Simmonse College;
USA;Massachusetts;Great Barrington;;Simon's Rock College;
USA;Massachusetts;Northampton;;Smith College;
USA;Massachusetts;Springfield;;Springfield College;
USA;Massachusetts;Easton;;Stonehill College;
USA;Massachusetts;Boston;Suffolk University ;;
USA;Massachusetts;Boston;Tufts university;;
USA;Massachusetts;Waltham;University of Massachusetts System;;
USA;Massachusetts;Amherst;University of Massachusetts Amherst;;
USA;Massachusetts;Boston;University of Massachusetts Boston;;
USA;Massachusetts;North Dartmouth;University of Massachusetts Darmouth;;
USA;Massachusetts;Lowell;University of Massachusetts Lowell;;
USA;Massachusetts;Worcester;University of Massachusetts Medical School at Worcester;;
USA;Massachusetts;Wellesley;;Wellesley College;
USA;Massachusetts;Boston;;Wentworth Institute of Technology;
USA;Massachusetts;Springfield;;Western New England College;
USA;Massachusetts;Springfield;;Westfield  State College;
USA;Massachusetts;Norton;;Wheaton College;
USA;Massachusetts;Boston;;Wheelock College;
USA;Massachusetts;Williamstown;;Williams College;
USA;Massachusetts;Worcester;;Worcester Politechnic Institute ;
USA;Massachusetts;Worcester;;Worcester State College;
USA;Minnesota;Richfield;;Alfred Adler Institute;
USA;Minnesota;Minneapolis;;Augsburg College;
USA;Minnesota;Mankato;;Bethany Lutheran College;
USA;Minnesota;Saint Paul;Bethel University & Seminary;;
USA;Minnesota;Minneapolis;Capella University ;;
USA;Minnesota;Northfield;;Carleton College;
USA;Minnesota;St. Joseph;;College of Saint Benedict;
USA;Minnesota;Saint Paul;;College of Saint Catherine ;
USA;Minnesota;Duluth;;College of Saint Scholastica ;
USA;Minnesota;St Paul;;College of Visual Arts ;
USA;Minnesota;Moorhead;;Concordia  College-Moorhead;
USA;Minnesota;St Paul;Concordia University-Saint Paul ;;
USA;Minnesota;Rochester;;Crossroads College;
USA;Minnesota;St. Bonifacius;;Crown College;
USA;Minnesota;Minneapolis;;Dunwoody College of Technology ;
USA;Minnesota;Saint Peter;;Gustavus Adolphus College;
USA;Minnesota;Saint Paul;Hamline University;;
USA;Minnesota;Center City;;Hazelden Graduate School of Addiction Studies;
USA;Minnesota;St. Paul;;Luther Seminary;
USA;Minnesota;St Paul;;Macalester College;
USA;Minnesota;New Ulm;;Martin Luther College;
USA;Minnesota;Rochester;;Mayo Clinic College of Medicine;
USA;Minnesota;St Paul;;Minnesota State College & University System;
USA;Minnesota;Bemidji;Bemidji State University ;;
USA;Minnesota;St Paul;Metropolitan State University ;;
USA;Minnesota;Mankato;Minnesota State University, Mankato;;
USA;Minnesota;Moorhead;Minnesota State University, Moorhead;;
USA;Minnesota;Marshall;Southwest Minnesota State University ;;
USA;Minnesota;Saint Cloud;Saint Cloud State University ;;
USA;Minnesota;Winona;Winona State University;;
USA;Minnesota;;North Central University ;;
USA;Minnesota;Minneapolis;North Central University ;;
USA;Minnesota;Roseville;;Northwestern College;
USA;Minnesota;Bloomington;Northwestern Health Sciences University;;
USA;Minnesota;Bemidji;;Oak Hills Christian College;
USA;Minnesota;Owatonna;;Pillsbury  Baptist Bible College;
USA;Minnesota;Lake Elmo;;Rasmussen College;
USA;Minnesota;Collegeville;Saint John's University;;
USA;Minnesota;Winona;Saint Mary's University of Minnesota ;;
USA;Minnesota;Northfield;;Saint Olaf College;
USA;Minnesota;Saint Paul;;United Theological Seminary of the Twin Cities;
USA;Minnesota;;University of Minnesota System;;
USA;Minnesota;Crookston;University of Minnesota Crookston ;;
USA;Minnesota;Duluth;University of Minnesota Duluth;;
USA;Minnesota;Morris;University of Minnesota Morris;;
USA;Minnesota;Minneapolis;University of Minnesota Twin Cities;;
USA;Minnesota;Saint Paul;University of Saint Thomas;;
USA;Minnesota;Minneapolis;Walden University;;
USA;Missouri;Kirksville;A.T. Still University of Health Sciences;;
USA;Missouri;St Louis;;Aquinas Institute of Theology ;
USA;Missouri;Springfield;;Assemblies of God Theological Seminary ;
USA;Missouri;Kansas;Avila University ;;
USA;Missouri;Springfield;;Baptist Bible College;
USA;Missouri;Kansas ;;Calvary Bible College & Theological Seminary ;
USA;Missouri;Springfield;;Central Bible College;
USA;Missouri;Moberly;;Central Christian College of Bible;
USA;Missouri;Fayette;Central Methodist University ;;
USA;Missouri;St Louis;;Chamberlian College of Nursing;
USA;Missouri;Point Lookout;;College of the Ozarks ;
USA;Missouri;Rolla;;Columbia College ;
USA;Missouri;Conception;;Conseption Seminary College;
USA;Missouri;St Louis;;Concordia Seminary-Saint Louis;
USA;Missouri;St. Louis;;Covenant Theological Seminary;
USA;Missouri;Springfield;;Cox College of Nursing & Health Sciences;
USA;Missouri;Canton;;Culver-Stockton College;
USA;Missouri;Kansas ;DeVry university-Kansas City;;
USA;Missouri;Springfield;Drury University ;;
USA;Missouri;Webster Groves;;Eden  Theological Seminary ;
USA;Missouri;Springfield;Evangel University ;;
USA;Missouri;Clayton;Fontbonne University ;;
USA;Missouri;Springfield;;Forest Institute of Professional Psychology;
USA;Missouri;Saint Louis;;Goldfarb School of Nursing at Barnes-Jewish College;
USA;Missouri;Hannibal;;Hannibal-Lagrange College;
USA;Missouri;St Louis;;Harris-Stowe State University ;
USA;Missouri;Kansas ;;Kansas City Art Institute;
USA;Missouri;Kansas ;Kansas City University of Medicine & Biosciences;;
USA;Missouri;St Louis;;Kenrick-Glennon Seminary ;
USA;Missouri;Jefferson ;Lincoln University ;;
USA;Missouri;St Charles;Lindenwood University ;;
USA;Missouri;Chesterfield;Logan University;;
USA;Missouri;Fenton;Maryville University of Saint Louis;;
USA;Missouri;Kansas ;;Midwestern Baptist Theological Seminary ;
USA;Missouri;Creve Coeur;Missouri Baptist University ;;
USA;Missouri;Joplin;Missouri Southern State University ;;
USA;Missouri;Springfield;Missouri State University ;;
USA;Missouri;Marshall;;Missouri Valley College;
USA;Missouri;St Joseph;Missouri Western State University ;;
USA;Missouri;Maryville;Northwest Missouri State University ;;
USA;Missouri;Joplin;;Ozark Christian College;
USA;Missouri;Parkville;Park University ;;
USA;Missouri;Kansas ;;Research College of Nursing ;
USA;Missouri;Kansas ;Rockhurst University ;;
USA;Missouri;St Louis;;Saint Louis College of Pharmacy;
USA;Missouri;St Louis;Saint Louis University ;;
USA;Missouri;Kansas ;;Saint Luke's College;
USA;Missouri;Kansas ;;Saint Paul School of Theology ;
USA;Missouri;Cape Girardeau;Southeast Missouri State University ;;
USA;Missouri;Bolivar;Southwest Baptist University ;;
USA;Missouri;Columbia;;Stephens College;
USA;Missouri;Kirksville;Truman State University ;;
USA;Missouri;Warrensburg;University of Central Missouri ;;
USA;Missouri;Columbia;University of Missouri System ;;
USA;Missouri;Columbia;University of Missouri Columbia ;;
USA;Missouri;Kansas ;University of Missouri Kansas City;;
USA;Missouri;Rolla;Missouri University of Science & Technology;;
USA;Missouri;St Louis;University of Missouri Saint Louis;;
USA;Missouri;St Louis;Washington University in Saint Louis ;;
USA;Missouri;Webster Groves;Webster University;;
USA;Missouri;Fulton;;Westminster College;
USA;Missouri;Liberty;;William Jewell College;
USA;Missouri;Fulton;William Woods University ;;
USA;New Hampshire;Keene;;Antioch New England;
USA;New Hampshire;Chester;;Chester College of New England;
USA;New Hampshire;New London;;Coldy-Sawyer College;
USA;New Hampshire;Nashua;;Daniel Webster College;
USA;New Hampshire;Hanover;;Dartmounth College;
USA;New Hampshire;Manchester;Franklin Pierce University ;;
USA;New Hampshire;Concord;;Franklin Pierce Law Center ;
USA;New Hampshire;Concord;;Granite State College;
USA;New Hampshire;Keene;;Keene State College;
USA;New Hampshire;Henniker;;New England College;
USA;New Hampshire;Plymouth;;Plymounth State College;
USA;New Hampshire;Nashua;;River College;
USA;New Hampshire;Manchester;;Saint Anselm College;
USA;New Hampshire;Manchester;Southern New Hampshire University ;;
USA;New Hampshire;Manchester;;The Thomas More College of Liberal Arts ;
USA;New Hampshire;Durham;University of New Hampshire ;;
USA;New Hampshire;Manchester;University of New Hampshire at Manchester;;
USA;Nevada;Ely;;Great Basin College;
USA;Nevada;Incline Village;;Sierra Nevada College;
USA;Nevada;Las Vegas;University of Nevada-Las Vegas;;
USA;Nevada;Reno;University of Nevada-Reno;;
USA;New Mexico;Santa Fe;;College of Santa Fe;
USA;New Mexico;Portales;Eastern New  Mexico University ;;
USA;New Mexico;Santa Fe;;Institute of American Indian Arts;
USA;New Mexico;Socorro;;New Mexico Institute of Mining & Technology ;
USA;New Mexico;Rio Rancho;New Mexico Highland University ;;
USA;New Mexico;Albuquerque;New Mexico State University ;;
USA;New Mexico;Santa Fe;;Saint John's College-Santa Fe;
USA;New Mexico;Santa Fe;;Southwestern College;
USA;New Mexico;Santa Fe;University Of New Mexico ;;
USA;New Mexico;Hobbs;University of the Southwest;;
USA;New Mexico;Silver ;Western New Mexico University;;
USA;New Jersey;Woodbridge;;Berkeley College;
USA;New Jersey;Bloomfield;;Bloomfield College;
USA;New Jersey;Caldwell;;Caldwell College;
USA;New Jersey;Hackettstown;;Centenary College  ;
USA;New Jersey;Trenton;;The College of New Jersey;
USA;New Jersey;Morristown;;College of Saint Elizabeth ;
USA;New Jersey;Madison;Drew University ;;
USA;New Jersey;Madison;Fairleigh Dickinson University;;
USA;New Jersey;Lodi;;Felician College;
USA;New Jersey;Lakewood;;Goergian Court College;
USA;New Jersey;Union;Kean University ;;
USA;New Jersey;West Long Branch;Monmouth University ;;
USA;New Jersey;Montclair;Montclair State University ;;
USA;New Jersey;Jersey ;New Jersey City University ;;
USA;New Jersey;Newark;;New Jersey Institute of Technology;
USA;New Jersey;Princeton;Princeton University ;;
USA;New Jersey;Mahwah;;Ramapo College;
USA;New Jersey;Pomona;;Richard Stockton College of New Jersey;
USA;New Jersey;;Rider University ;;
USA;New Jersey;Glassboro;Rowan University ;;
USA;New Jersey;Camden;Rurgers University;;http://www.rutgers.edu/
USA;New Jersey;Camden;Rurgers University Camden ;;
USA;New Jersey;New Bruswick/Piscataway;Rurgers University New Bruswick/Piscataway;;
USA;New Jersey;Newark;Rurgers University Newark;;
USA;New Jersey;Jersey ;;Saint Peter's College;
USA;New Jersey;South Orange;Seton Hall University ;;
USA;New Jersey;Hoboken;;Stevens Institute of Technology ;
USA;New Jersey;Trenton;;Thomas Edison State College;
USA;New Jersey;Edison;University of Medicine & Dentistry of New Jersey;;
USA;New Jersey;Wayne;William Paterson University ;;
USA;Michigan;Adrian;;Adrian College;
USA;Michigan;Albion;;Albion College;
USA;Michigan;Alma;;Alma College;
USA;Michigan;Berrien Springs;Andrews University ;;
USA;Michigan;Grand Rapids;;Aquinas College;
USA;Michigan;Owosso;;Baker College;
USA;Michigan;Grand Rapids;;Calvin College;
USA;Michigan;Mount Pleasant;Central Michigan University ;;
USA;Michigan;Howell;Cleary University ;;
USA;Michigan;Detroit;;College of Creative Studies ;
USA;Michigan;Ann Arbor;;Concodia College-Ann Arbor ;
USA;Michigan;Grand Rapids;Cornerstone University ;;
USA;Michigan;Bloomfield Hills;;Cranbrook Academy of Art ;
USA;Michigan;Grand Rapids;Davenport University ;;
USA;Michigan;Ypsilanti;Eastern Michigan University ;;
USA;Michigan;Big Rapids;Ferris State University ;;
USA;Michigan;Grand Rapids;;Kendall College of Art & Design ;
USA;Michigan;Hancock;Finlandia University ;;
USA;Michigan;Wyoming;;Grace Bible College ;
USA;Michigan;Grand Rapids;Grand Valley State University ;;
USA;Michigan;Lansing;;Great Lakes Christian College ;
USA;Michigan;Hillsdale;;Hillsdale  College;
USA;Michigan;Holland;;Hope College;
USA;Michigan;Kalamazoo;;Kalamazoo College;
USA;Michigan;Flint;Kettering University ;;
USA;Michigan;Grand Rapids;;Kuyper College;
USA;Michigan;Sault Ste Marie;Lake Superior State University ;;
USA;Michigan;Southfield;Lawrence Technological University ;;
USA;Michigan;Livonia;Madonna University ;;
USA;Michigan;Detroit;;Marygrove College;
USA;Michigan;Farmington Hills;;Michigan School of Professional Psychology ;
USA;Michigan;East Lansing;Nmichigan State University ;;
USA;Michigan;Greenville;Michigan Technological University;;
USA;Michigan;Battle Creek;;Miller College;
USA;Michigan;Marquette;Northern Michigan University ;;
USA;Michigan;Cedar Hill;Northwood University ;;
USA;Michigan;Rochester;Oakland University ;;
USA;Michigan;Olivet;;Olivet College ;
USA;Michigan;;;Rochester College;
USA;Michigan;Detroit;;Sacred Heart Major Seminary ;
USA;Michigan;Chesterfield;Saginaw Valley State University ;;
USA;Michigan;Adrian;Siena Heighs University ;;
USA;Michigan;Lambertville;Spring Arbor University ;;
USA;Michigan;Grand Rapids;;Thomas M. Cooley Law School;
USA;Michigan;Detroit;University of Detroit Mercy ;;
USA;Michigan;Chelsea;University of Michigan System;;
USA;Michigan;Ann Arbor;University of Michigan Ann Arbor;;
USA;Michigan;Dearborn;University of Michigan Dearborn;;
USA;Michigan;Flint;University of Michigan Flint;;
USA;Michigan;Troy;;Walsh College;
USA;Michigan;Detroit;Wayne State University ;;
USA;Michigan;Detroit;Western Michigan University ;;
USA;Mississippi;Raymond;Alcorn State University ;;
USA;Mississippi;Jackson;;Belhaven College;
USA;Mississippi;Blue Mountain;;Blue Mountain College ;
USA;Mississippi;Cleveland;Delta State University ;;
USA;Mississippi;Jackson;Jackson State University ;;
USA;Mississippi;Kosciusko;;Magnolia Bible College;
USA;Mississippi;Jackson;;Millsaps College;
USA;Mississippi;Clinton;;Mississippi College;
USA;Mississippi;Miss State;Mississippi State University;;
USA;Mississippi;Columbus;Mississippi University for Women;;
USA;Mississippi;Greenwood;Mississippi Valley State University ;;
USA;Mississippi;Holly Springs;;Rust College;
USA;Mississippi;Tougaloo;;Tougaloo College;
USA;Mississippi;University;University of Mississippi ;;
USA;Mississippi;Jackson;University of Mississippi Medical Center ;;
USA;Mississippi;Hattiesburg;University of southernMississippi;;
USA;Mississippi;Gulfport;;William Carey College;
USA;Montana;Helena;;Carroll College;
USA;Montana;Bozeman;Montana State University ;;
USA;Montana;Billings;Montana State University Billings ;;
USA;Montana;;Montana State University Bozeman;;
USA;Montana;Havre;Montana State University Northern;;
USA;Montana;Billings;;Rocky Mountain College  ;
USA;Montana;Pablo;;Salish Kootenai College;
USA;Montana;Great Falls;University of Great Falls ;;
USA;Montana;Missoula;University of Montana System ;;
USA;Montana;Butte;University of Montana, Montana Tech;;
USA;Montana;Missoula;University of Montana-Missoula;;
USA;Montana;Dillon;University of Montana-Western;;
USA;Nebraska;Bellevue;Bellevue University ;;
USA;Nebraska;Chadron;;Chadron State College;
USA;Nebraska;Omaha;;Clarkson College;
USA;Nebraska;Omaha;;College of Saint Mary ;
USA;Nebraska;Seward;Concordia University-Nebraska;;
USA;Nebraska;Omaha;Creighton University ;;
USA;Nebraska;Blair;;Dana College;
USA;Nebraska;Crete;;Doane College;
USA;Nebraska;Omaha;Grace University ;;
USA;Nebraska;Hastings;;Hastings College;
USA;Nebraska;Fremont;;Midland Lutheran College;
USA;Nebraska;Norfolk;;Nebraska Christian College;
USA;Nebraska;Omaha;;Nebraska Methodist College;
USA;Nebraska;Lincoln;Nebraska Wesleyan University ;;
USA;Nebraska;Peru;;Peru State College;
USA;Nebraska;Lincoln;;Union College;
USA;Nebraska;Lincoln;University of Nebraska System ;;
USA;Nebraska;Kearney;University of Nebraska Kearney;;
USA;Nebraska;Lincoln;University of Nebraska Lincoln;;
USA;Nebraska;Omaha;University of Nebraska Medical Center ;;
USA;Nebraska;Omaha;University of Nebraska Omaha;;
USA;Nebraska;Wayne;;Wayne State College;
USA;Nebraska;York;;York College;
USA;North Carolina;Boone;Appalachian State University ;;
USA;North Carolina;Wilson;;Barton College;
USA;North Carolina;;;Belmont Abbey College;
USA;North Carolina;Greensboro;;Bennett College;
USA;North Carolina;Brevard;;Brevard College;
USA;North Carolina;Concord;;Cabarrus College of Health Sciences;
USA;North Carolina;Buies Creek;Campbell University ;;
USA;North Carolina;Salisbury;;Catawba College;
USA;North Carolina;Murfreesboro;;Chowan College ;
USA;North Carolina;Davidson;;Davidson  College ;
USA;North Carolina;Durham;Duke University ;;
USA;North Carolina;Greenville;East Carolina University ;;
USA;North Carolina;Elizabeth ;Elizabeth City State University ;;
USA;North Carolina;;Elon University;;
USA;North Carolina;Fayetteville;Fayetteville State University ;;
USA;North Carolina;Boiling Springs;Gardner-Webb University ;;
USA;North Carolina;Greensboro;;Greensboro College;
USA;North Carolina;;;Guilford College;
USA;North Carolina;High Point;High Point University;;
USA;North Carolina;Charlotte;Johnson C. Smith University ;;
USA;North Carolina;Dobson;;Lees-McRae College;
USA;North Carolina;Hickory;;Lenoir-Rhyne College;
